<?xml version="1.0" encoding="utf-8"?>
<CoverageReport scope="Summary">
  <Summary>
    <Generatedon>18.01.2023 - 20:03:55</Generatedon>
    <Parser>OpenCover</Parser>
    <Assemblies>1</Assemblies>
    <Classes>4</Classes>
    <Files>5</Files>
    <Coveredlines>83</Coveredlines>
    <Uncoveredlines>42</Uncoveredlines>
    <Coverablelines>125</Coverablelines>
    <Totallines>260</Totallines>
    <Linecoverage>66.4</Linecoverage>
    <Coveredbranches>3</Coveredbranches>
    <Totalbranches>6</Totalbranches>
    <Branchcoverage>50</Branchcoverage>
    <Coveredmethods>14</Coveredmethods>
    <Totalmethods>24</Totalmethods>
    <Methodcoverage>58.3</Methodcoverage>
  </Summary>
  <Coverage>
    <Assembly name="Sample" classes="4" coverage="66.4" coveredlines="83" coverablelines="125" totallines="260" branchcoverage="50" coveredbranches="3" totalbranches="6" coveredmethods="14" totalmethods="24" methodcoverage="58.3">
      <Class name="Sample.PartialClass" coverage="54.5" coveredlines="12" coverablelines="22" totallines="53" branchcoverage="50" coveredbranches="1" totalbranches="2" coveredmethods="3" totalmethods="6" methodcoverage="50" />
      <Class name="Sample.TestClass" coverage="57.1" coveredlines="12" coverablelines="21" totallines="38" branchcoverage="50" coveredbranches="1" totalbranches="2" coveredmethods="1" totalmethods="2" methodcoverage="50" />
      <Class name="Test.Program" coverage="79.5" coveredlines="35" coverablelines="44" totallines="84" branchcoverage="" coveredbranches="0" totalbranches="0" coveredmethods="4" totalmethods="6" methodcoverage="66.6" />
      <Class name="Test.TestClass2" coverage="63.1" coveredlines="24" coverablelines="38" totallines="85" branchcoverage="50" coveredbranches="1" totalbranches="2" coveredmethods="6" totalmethods="10" methodcoverage="60" />
    </Assembly>
  </Coverage>
</CoverageReport>