<?xml version="1.0" encoding="utf-8"?>
<CoverageReport scope="Summary">
  <Summary>
    <Generatedon>30.01.2022 - 12:36:27</Generatedon>
    <Parser>OpenCoverParser</Parser>
    <Assemblies>1</Assemblies>
    <Classes>2</Classes>
    <Files>3</Files>
    <Coveredlines>24</Coveredlines>
    <Uncoveredlines>19</Uncoveredlines>
    <Coverablelines>43</Coverablelines>
    <Totallines>91</Totallines>
    <Linecoverage>55.8</Linecoverage>
    <Coveredbranches>2</Coveredbranches>
    <Totalbranches>4</Totalbranches>
    <Branchcoverage>50</Branchcoverage>
    <Coveredmethods>4</Coveredmethods>
    <Totalmethods>8</Totalmethods>
    <Methodcoverage>50</Methodcoverage>
  </Summary>
  <Coverage>
    <Assembly name="Sample" classes="2" coverage="55.8" coveredlines="24" coverablelines="43" totallines="91" branchcoverage="50" coveredbranches="2" totalbranches="4" coveredmethods="4" totalmethods="8" methodcoverage="50">
      <Class name="Sample.PartialClass" coverage="54.5" coveredlines="12" coverablelines="22" totallines="53" branchcoverage="50" coveredbranches="1" totalbranches="2" coveredmethods="3" totalmethods="6" methodcoverage="50" />
      <Class name="Sample.TestClass" coverage="57.1" coveredlines="12" coverablelines="21" totallines="38" branchcoverage="50" coveredbranches="1" totalbranches="2" coveredmethods="1" totalmethods="2" methodcoverage="50" />
    </Assembly>
  </Coverage>
</CoverageReport>