﻿<?xml version="1.0" encoding="utf-8"?>
<CoverageReport scope="Summary">
  <Summary>
    <Generatedon>20.05.2019 - 21:37:42</Generatedon>
    <Parser>OpenCoverParser</Parser>
    <Assemblies>1</Assemblies>
    <Classes>2</Classes>
    <Files>3</Files>
    <Coveredlines>24</Coveredlines>
    <Uncoveredlines>19</Uncoveredlines>
    <Coverablelines>43</Coverablelines>
    <Totallines>91</Totallines>
    <Linecoverage>55.8% (24 of 43)</Linecoverage>
    <Coveredbranches>2</Coveredbranches>
    <Totalbranches>4</Totalbranches>
    <Branchcoverage>50% (2 of 4)</Branchcoverage>
  </Summary>
  <Coverage>
    <Assembly name="Sample" classes="2" coverage="55.8" coveredlines="24" coverablelines="43" totallines="91" branchcoverage="50" coveredbranches="2" totalbranches="4">
      <Class name="Sample.PartialClass" coverage="54.5" coveredlines="12" coverablelines="22" totallines="53" branchcoverage="50" coveredbranches="1" totalbranches="2" />
      <Class name="Sample.TestClass" coverage="57.1" coveredlines="12" coverablelines="21" totallines="38" branchcoverage="50" coveredbranches="1" totalbranches="2" />
    </Assembly>
  </Coverage>
</CoverageReport>