{
  "summary": {
    "generatedon": "2022-01-30T11:36:27Z",
    "parser": "OpenCoverParser",
    "assemblies": 1,
    "classes": 2,
    "files": 3,
    "coveredlines": 24,
    "uncoveredlines": 19,
    "coverablelines": 43,
    "totallines": 91,
    "linecoverage": 55.8,
    "coveredbranches": 2,
    "totalbranches": 4,
    "branchcoverage": 50,
    "coveredmethods": 4,
    "totalmethods": 8,
    "methodcoverage": 50
 },
  "coverage": {
    "assemblies": [
      { "name": "Sample", "classes": 2, "coverage": 55.8, "coveredlines": 24, "coverablelines": 43, "totallines": 91, "branchcoverage": 50, "coveredbranches": 2, "totalbranches": 4, "methodcoverage": 50, "coveredmethods": 4, "totalmethods": 8, "classesinassembly": [
        { "name": "Sample.PartialClass", "coverage": 54.5, "coveredlines": 12, "coverablelines": 22, "totallines": 53, "branchcoverage": 50, "coveredbranches": 1, "totalbranches": 2, "methodcoverage": 50, "coveredmethods": 3, "totalmethods": 6 },
        { "name": "Sample.TestClass", "coverage": 57.1, "coveredlines": 12, "coverablelines": 21, "totallines": 38, "branchcoverage": 50, "coveredbranches": 1, "totalbranches": 2, "methodcoverage": 50, "coveredmethods": 1, "totalmethods": 2 } ] } ]
  }
}