﻿{
  "summary": {
    "generatedon": "2020-01-19T10:05:09Z",
    "parser": "OpenCoverParser",
    "assemblies": 1,
    "classes": 2,
    "files": 3,
    "coveredlines": 24,
    "uncoveredlines": 19,
    "coverablelines": 43,
    "totallines": 91,
    "linecoverage": 55.8,
    "coveredbranches": 2,
    "totalbranches": 4,
    "branchcoverage": 50 },
  "coverage": {
    "assemblies": [
      { "name": "Sample", "classes": 2, "coverage": 55.8, "coveredlines": 24, "coverablelines": 43, "totallines": 91, "branchcoverage": 50, "coveredbranches": 2, "totalbranches": 4, "classesinassembly": [
        { "name": "Sample.PartialClass", "coverage": 54.5, "coveredlines": 12, "coverablelines": 22, "totallines": 53, "branchcoverage": 50, "coveredbranches": 1, "totalbranches": 2 },
        { "name": "Sample.TestClass", "coverage": 57.1, "coveredlines": 12, "coverablelines": 21, "totallines": 38, "branchcoverage": 50, "coveredbranches": 1, "totalbranches": 2 } ] } ]
  }
}