{
  "summary": {
    "generatedon": "2023-04-27T18:40:09Z",
    "parser": "OpenCover",
    "assemblies": 1,
    "classes": 4,
    "files": 5,
    "coveredlines": 83,
    "uncoveredlines": 42,
    "coverablelines": 125,
    "totallines": 260,
    "linecoverage": 66.4,
    "coveredbranches": 3,
    "totalbranches": 6,
    "branchcoverage": 50,
    "coveredmethods": 14,
    "totalmethods": 24,
    "methodcoverage": 58.3
 },
  "coverage": {
    "assemblies": [
      { "name": "Sample", "classes": 4, "coverage": 66.4, "coveredlines": 83, "coverablelines": 125, "totallines": 260, "branchcoverage": 50, "coveredbranches": 3, "totalbranches": 6, "methodcoverage": 58.3, "coveredmethods": 14, "totalmethods": 24, "classesinassembly": [
        { "name": "Sample.PartialClass", "coverage": 54.5, "coveredlines": 12, "coverablelines": 22, "totallines": 53, "branchcoverage": 50, "coveredbranches": 1, "totalbranches": 2, "methodcoverage": 50, "coveredmethods": 3, "totalmethods": 6 },
        { "name": "Sample.TestClass", "coverage": 57.1, "coveredlines": 12, "coverablelines": 21, "totallines": 38, "branchcoverage": 50, "coveredbranches": 1, "totalbranches": 2, "methodcoverage": 50, "coveredmethods": 1, "totalmethods": 2 },
        { "name": "Test.Program", "coverage": 79.5, "coveredlines": 35, "coverablelines": 44, "totallines": 84, "branchcoverage": null, "coveredbranches": 0, "totalbranches": 0, "methodcoverage": 66.6, "coveredmethods": 4, "totalmethods": 6 },
        { "name": "Test.TestClass2", "coverage": 63.1, "coveredlines": 24, "coverablelines": 38, "totallines": 85, "branchcoverage": 50, "coveredbranches": 1, "totalbranches": 2, "methodcoverage": 60, "coveredmethods": 6, "totalmethods": 10 } ] } ]
  }
}