<?xml version="1.0" encoding="utf-8"?>
<CoverageSession xmlns:xsd="http://www.w3.org/2001/XMLSchema" xmlns:xsi="http://www.w3.org/2001/XMLSchema-instance" Version="4.6.601.0">
  <Summary numSequencePoints="108" visitedSequencePoints="75" numBranchPoints="8" visitedBranchPoints="4" sequenceCoverage="69.4" branchCoverage="50" maxCyclomaticComplexity="5" minCyclomaticComplexity="1" maxCrapScore="5" minCrapScore="1" visitedClasses="4" numClasses="4" visitedMethods="16" numMethods="24" />
  <Modules>
    <Module hash="375742924">
      <Summary numSequencePoints="108" visitedSequencePoints="75" numBranchPoints="8" visitedBranchPoints="4" sequenceCoverage="69.4" branchCoverage="50" maxCyclomaticComplexity="5" minCyclomaticComplexity="1" maxCrapScore="5" minCrapScore="1" visitedClasses="4" numClasses="4" visitedMethods="16" numMethods="24" />
      <ModulePath>Sample</ModulePath>
      <ModuleTime>2025-02-09T17:43:52.0161378Z</ModuleTime>
      <ModuleName>Sample</ModuleName>
      <Files>
        <File uid="1" fullPath="C:\temp\PartialClass.cs" />
        <File uid="2" fullPath="C:\temp\PartialClass2.cs" />
        <File uid="3" fullPath="C:\temp\Program.cs" />
        <File uid="4" fullPath="C:\temp\TestClass.cs" />
        <File uid="5" fullPath="C:\temp\TestClass2.cs" />
      </Files>
      <Classes>
        <Class>
          <Summary numSequencePoints="22" visitedSequencePoints="12" numBranchPoints="2" visitedBranchPoints="1" sequenceCoverage="54.5" branchCoverage="50" maxCyclomaticComplexity="1" minCyclomaticComplexity="1" maxCrapScore="2" minCrapScore="1" visitedClasses="1" numClasses="1" visitedMethods="3" numMethods="6" />
          <FullName>Sample.PartialClass</FullName>
          <Methods>
            <Method visited="false" cyclomaticComplexity="0" nPathComplexity="0" sequenceCoverage="0" branchCoverage="0" crapScore="0" isConstructor="false" isStatic="false" isGetter="true" isSetter="false">
              <Summary numSequencePoints="1" visitedSequencePoints="0" numBranchPoints="0" visitedBranchPoints="0" sequenceCoverage="0" branchCoverage="0" maxCyclomaticComplexity="0" minCyclomaticComplexity="0" maxCrapScore="0" minCrapScore="0" visitedClasses="0" numClasses="0" visitedMethods="0" numMethods="1" />
              <MetadataToken>119673480</MetadataToken>
              <Name>System.Int32 Sample.PartialClass::get_SomeProperty()</Name>
              <FileRef uid="1" />
              <SequencePoints>
                <SequencePoint vc="0" uspid="0" ordinal="0" offset="0" sl="21" sc="0" el="21" ec="0" bec="0" bev="0" fileid="1" />
              </SequencePoints>
              <BranchPoints />
              <MethodPoint xsi:type="SequencePoint" vc="0" uspid="0" ordinal="0" offset="0" sl="21" sc="0" el="21" ec="0" bec="0" bev="0" fileid="1" />
            </Method>
            <Method visited="true" cyclomaticComplexity="0" nPathComplexity="0" sequenceCoverage="66.6" branchCoverage="50" crapScore="0" isConstructor="false" isStatic="false" isGetter="false" isSetter="true">
              <Summary numSequencePoints="9" visitedSequencePoints="6" numBranchPoints="2" visitedBranchPoints="1" sequenceCoverage="66.6" branchCoverage="50" maxCyclomaticComplexity="0" minCyclomaticComplexity="0" maxCrapScore="0" minCrapScore="0" visitedClasses="0" numClasses="0" visitedMethods="1" numMethods="1" />
              <MetadataToken>-1235337233</MetadataToken>
              <Name>System.Void Sample.PartialClass::set_SomeProperty(System.Int32)</Name>
              <FileRef uid="1" />
              <SequencePoints>
                <SequencePoint vc="1" uspid="0" ordinal="0" offset="0" sl="24" sc="0" el="24" ec="0" bec="0" bev="0" fileid="1" />
                <SequencePoint vc="1" uspid="0" ordinal="0" offset="0" sl="25" sc="0" el="25" ec="0" bec="0" bev="0" fileid="1" />
                <SequencePoint vc="1" uspid="0" ordinal="0" offset="0" sl="26" sc="0" el="26" ec="0" bec="0" bev="0" fileid="1" />
                <SequencePoint vc="1" uspid="0" ordinal="0" offset="0" sl="27" sc="0" el="27" ec="0" bec="0" bev="0" fileid="1" />
                <SequencePoint vc="1" uspid="0" ordinal="0" offset="0" sl="28" sc="0" el="28" ec="0" bec="0" bev="0" fileid="1" />
                <SequencePoint vc="0" uspid="0" ordinal="0" offset="0" sl="30" sc="0" el="30" ec="0" bec="0" bev="0" fileid="1" />
                <SequencePoint vc="0" uspid="0" ordinal="0" offset="0" sl="31" sc="0" el="31" ec="0" bec="0" bev="0" fileid="1" />
                <SequencePoint vc="0" uspid="0" ordinal="0" offset="0" sl="32" sc="0" el="32" ec="0" bec="0" bev="0" fileid="1" />
                <SequencePoint vc="1" uspid="0" ordinal="0" offset="0" sl="33" sc="0" el="33" ec="0" bec="0" bev="0" fileid="1" />
              </SequencePoints>
              <BranchPoints>
                <BranchPoint vc="1" uspid="0" ordinal="0" offset="0" sl="25" path="0" offsetend="0" fileid="1" />
                <BranchPoint vc="0" uspid="0" ordinal="0" offset="0" sl="25" path="1" offsetend="0" fileid="1" />
              </BranchPoints>
              <MethodPoint xsi:type="SequencePoint" vc="1" uspid="0" ordinal="0" offset="0" sl="24" sc="0" el="33" ec="0" bec="0" bev="0" fileid="1" />
            </Method>
            <Method visited="true" cyclomaticComplexity="1" nPathComplexity="0" sequenceCoverage="100" branchCoverage="0" crapScore="1" isConstructor="false" isStatic="false" isGetter="false" isSetter="false">
              <Summary numSequencePoints="3" visitedSequencePoints="3" numBranchPoints="0" visitedBranchPoints="0" sequenceCoverage="100" branchCoverage="0" maxCyclomaticComplexity="1" minCyclomaticComplexity="1" maxCrapScore="1" minCrapScore="1" visitedClasses="0" numClasses="0" visitedMethods="1" numMethods="1" />
              <MetadataToken>1014734735</MetadataToken>
              <Name>System.Void Sample.PartialClass::ExecutedMethod_1()</Name>
              <FileRef uid="1" />
              <SequencePoints>
                <SequencePoint vc="1" uspid="0" ordinal="0" offset="0" sl="8" sc="0" el="8" ec="0" bec="0" bev="0" fileid="1" />
                <SequencePoint vc="1" uspid="0" ordinal="0" offset="0" sl="9" sc="0" el="9" ec="0" bec="0" bev="0" fileid="1" />
                <SequencePoint vc="1" uspid="0" ordinal="0" offset="0" sl="10" sc="0" el="10" ec="0" bec="0" bev="0" fileid="1" />
              </SequencePoints>
              <BranchPoints />
              <MethodPoint xsi:type="SequencePoint" vc="1" uspid="0" ordinal="0" offset="0" sl="8" sc="0" el="10" ec="0" bec="0" bev="0" fileid="1" />
            </Method>
            <Method visited="false" cyclomaticComplexity="1" nPathComplexity="0" sequenceCoverage="0" branchCoverage="0" crapScore="2" isConstructor="false" isStatic="false" isGetter="false" isSetter="false">
              <Summary numSequencePoints="3" visitedSequencePoints="0" numBranchPoints="0" visitedBranchPoints="0" sequenceCoverage="0" branchCoverage="0" maxCyclomaticComplexity="1" minCyclomaticComplexity="1" maxCrapScore="2" minCrapScore="2" visitedClasses="0" numClasses="0" visitedMethods="0" numMethods="1" />
              <MetadataToken>-453178826</MetadataToken>
              <Name>System.Void Sample.PartialClass::UnExecutedMethod_1()</Name>
              <FileRef uid="1" />
              <SequencePoints>
                <SequencePoint vc="0" uspid="0" ordinal="0" offset="0" sl="13" sc="0" el="13" ec="0" bec="0" bev="0" fileid="1" />
                <SequencePoint vc="0" uspid="0" ordinal="0" offset="0" sl="14" sc="0" el="14" ec="0" bec="0" bev="0" fileid="1" />
                <SequencePoint vc="0" uspid="0" ordinal="0" offset="0" sl="15" sc="0" el="15" ec="0" bec="0" bev="0" fileid="1" />
              </SequencePoints>
              <BranchPoints />
              <MethodPoint xsi:type="SequencePoint" vc="0" uspid="0" ordinal="0" offset="0" sl="13" sc="0" el="15" ec="0" bec="0" bev="0" fileid="1" />
            </Method>
            <Method visited="true" cyclomaticComplexity="1" nPathComplexity="0" sequenceCoverage="100" branchCoverage="0" crapScore="1" isConstructor="false" isStatic="false" isGetter="false" isSetter="false">
              <Summary numSequencePoints="3" visitedSequencePoints="3" numBranchPoints="0" visitedBranchPoints="0" sequenceCoverage="100" branchCoverage="0" maxCyclomaticComplexity="1" minCyclomaticComplexity="1" maxCrapScore="1" minCrapScore="1" visitedClasses="0" numClasses="0" visitedMethods="1" numMethods="1" />
              <MetadataToken>-813471232</MetadataToken>
              <Name>System.Void Sample.PartialClass::ExecutedMethod_2()</Name>
              <FileRef uid="2" />
              <SequencePoints>
                <SequencePoint vc="1" uspid="0" ordinal="0" offset="0" sl="8" sc="0" el="8" ec="0" bec="0" bev="0" fileid="2" />
                <SequencePoint vc="1" uspid="0" ordinal="0" offset="0" sl="9" sc="0" el="9" ec="0" bec="0" bev="0" fileid="2" />
                <SequencePoint vc="1" uspid="0" ordinal="0" offset="0" sl="10" sc="0" el="10" ec="0" bec="0" bev="0" fileid="2" />
              </SequencePoints>
              <BranchPoints />
              <MethodPoint xsi:type="SequencePoint" vc="1" uspid="0" ordinal="0" offset="0" sl="8" sc="0" el="10" ec="0" bec="0" bev="0" fileid="2" />
            </Method>
            <Method visited="false" cyclomaticComplexity="1" nPathComplexity="0" sequenceCoverage="0" branchCoverage="0" crapScore="2" isConstructor="false" isStatic="false" isGetter="false" isSetter="false">
              <Summary numSequencePoints="3" visitedSequencePoints="0" numBranchPoints="0" visitedBranchPoints="0" sequenceCoverage="0" branchCoverage="0" maxCyclomaticComplexity="1" minCyclomaticComplexity="1" maxCrapScore="2" minCrapScore="2" visitedClasses="0" numClasses="0" visitedMethods="0" numMethods="1" />
              <MetadataToken>-1716734789</MetadataToken>
              <Name>System.Void Sample.PartialClass::UnExecutedMethod_2()</Name>
              <FileRef uid="2" />
              <SequencePoints>
                <SequencePoint vc="0" uspid="0" ordinal="0" offset="0" sl="13" sc="0" el="13" ec="0" bec="0" bev="0" fileid="2" />
                <SequencePoint vc="0" uspid="0" ordinal="0" offset="0" sl="14" sc="0" el="14" ec="0" bec="0" bev="0" fileid="2" />
                <SequencePoint vc="0" uspid="0" ordinal="0" offset="0" sl="15" sc="0" el="15" ec="0" bec="0" bev="0" fileid="2" />
              </SequencePoints>
              <BranchPoints />
              <MethodPoint xsi:type="SequencePoint" vc="0" uspid="0" ordinal="0" offset="0" sl="13" sc="0" el="15" ec="0" bec="0" bev="0" fileid="2" />
            </Method>
          </Methods>
        </Class>
        <Class>
          <Summary numSequencePoints="15" visitedSequencePoints="15" numBranchPoints="0" visitedBranchPoints="0" sequenceCoverage="100" branchCoverage="0" maxCyclomaticComplexity="3" minCyclomaticComplexity="1" maxCrapScore="3" minCrapScore="1" visitedClasses="1" numClasses="1" visitedMethods="3" numMethods="3" />
          <FullName>Test.Program</FullName>
          <Methods>
            <Method visited="true" cyclomaticComplexity="1" nPathComplexity="0" sequenceCoverage="100" branchCoverage="0" crapScore="1" isConstructor="false" isStatic="false" isGetter="false" isSetter="false">
              <Summary numSequencePoints="4" visitedSequencePoints="4" numBranchPoints="0" visitedBranchPoints="0" sequenceCoverage="100" branchCoverage="0" maxCyclomaticComplexity="1" minCyclomaticComplexity="1" maxCrapScore="1" minCrapScore="1" visitedClasses="0" numClasses="0" visitedMethods="1" numMethods="1" />
              <MetadataToken>-1909246807</MetadataToken>
              <Name>System.Void Test.Program/EchoHandler::.ctor(System.Net.Http.HttpResponseMessage)</Name>
              <FileRef uid="3" />
              <SequencePoints>
                <SequencePoint vc="1" uspid="0" ordinal="0" offset="0" sl="73" sc="0" el="73" ec="0" bec="0" bev="0" fileid="3" />
                <SequencePoint vc="1" uspid="0" ordinal="0" offset="0" sl="74" sc="0" el="74" ec="0" bec="0" bev="0" fileid="3" />
                <SequencePoint vc="1" uspid="0" ordinal="0" offset="0" sl="75" sc="0" el="75" ec="0" bec="0" bev="0" fileid="3" />
                <SequencePoint vc="1" uspid="0" ordinal="0" offset="0" sl="76" sc="0" el="76" ec="0" bec="0" bev="0" fileid="3" />
              </SequencePoints>
              <BranchPoints />
              <MethodPoint xsi:type="SequencePoint" vc="1" uspid="0" ordinal="0" offset="0" sl="73" sc="0" el="76" ec="0" bec="0" bev="0" fileid="3" />
            </Method>
            <Method visited="true" cyclomaticComplexity="1" nPathComplexity="0" sequenceCoverage="100" branchCoverage="0" crapScore="1" isConstructor="false" isStatic="false" isGetter="false" isSetter="false">
              <Summary numSequencePoints="3" visitedSequencePoints="3" numBranchPoints="0" visitedBranchPoints="0" sequenceCoverage="100" branchCoverage="0" maxCyclomaticComplexity="1" minCyclomaticComplexity="1" maxCrapScore="1" minCrapScore="1" visitedClasses="0" numClasses="0" visitedMethods="1" numMethods="1" />
              <MetadataToken>-1627435660</MetadataToken>
              <Name>System.Threading.Tasks.Task`1&lt;System.Net.Http.HttpResponseMessage&gt; Test.Program/EchoHandler::SendAsync(System.Net.Http.HttpRequestMessage,System.Threading.CancellationToken)</Name>
              <FileRef uid="3" />
              <SequencePoints>
                <SequencePoint vc="1" uspid="0" ordinal="0" offset="0" sl="79" sc="0" el="79" ec="0" bec="0" bev="0" fileid="3" />
                <SequencePoint vc="1" uspid="0" ordinal="0" offset="0" sl="80" sc="0" el="80" ec="0" bec="0" bev="0" fileid="3" />
                <SequencePoint vc="1" uspid="0" ordinal="0" offset="0" sl="81" sc="0" el="81" ec="0" bec="0" bev="0" fileid="3" />
              </SequencePoints>
              <BranchPoints />
              <MethodPoint xsi:type="SequencePoint" vc="1" uspid="0" ordinal="0" offset="0" sl="79" sc="0" el="81" ec="0" bec="0" bev="0" fileid="3" />
            </Method>
            <Method visited="true" cyclomaticComplexity="3" nPathComplexity="0" sequenceCoverage="100" branchCoverage="0" crapScore="3" isConstructor="false" isStatic="false" isGetter="false" isSetter="false">
              <Summary numSequencePoints="6" visitedSequencePoints="6" numBranchPoints="0" visitedBranchPoints="0" sequenceCoverage="100" branchCoverage="0" maxCyclomaticComplexity="3" minCyclomaticComplexity="3" maxCrapScore="3" minCrapScore="3" visitedClasses="0" numClasses="0" visitedMethods="1" numMethods="1" />
              <MetadataToken>-329007160</MetadataToken>
              <Name>CallAsyncMethod()</Name>
              <FileRef uid="3" />
              <SequencePoints>
                <SequencePoint vc="1" uspid="0" ordinal="0" offset="0" sl="62" sc="0" el="62" ec="0" bec="0" bev="0" fileid="3" />
                <SequencePoint vc="1" uspid="0" ordinal="0" offset="0" sl="63" sc="0" el="63" ec="0" bec="0" bev="0" fileid="3" />
                <SequencePoint vc="1" uspid="0" ordinal="0" offset="0" sl="64" sc="0" el="64" ec="0" bec="0" bev="0" fileid="3" />
                <SequencePoint vc="1" uspid="0" ordinal="0" offset="0" sl="65" sc="0" el="65" ec="0" bec="0" bev="0" fileid="3" />
                <SequencePoint vc="1" uspid="0" ordinal="0" offset="0" sl="66" sc="0" el="66" ec="0" bec="0" bev="0" fileid="3" />
                <SequencePoint vc="1" uspid="0" ordinal="0" offset="0" sl="67" sc="0" el="67" ec="0" bec="0" bev="0" fileid="3" />
              </SequencePoints>
              <BranchPoints />
              <MethodPoint xsi:type="SequencePoint" vc="1" uspid="0" ordinal="0" offset="0" sl="62" sc="0" el="67" ec="0" bec="0" bev="0" fileid="3" />
            </Method>
          </Methods>
        </Class>
        <Class>
          <Summary numSequencePoints="33" visitedSequencePoints="24" numBranchPoints="4" visitedBranchPoints="2" sequenceCoverage="72.7" branchCoverage="50" maxCyclomaticComplexity="4" minCyclomaticComplexity="1" maxCrapScore="0" minCrapScore="0" visitedClasses="1" numClasses="1" visitedMethods="4" numMethods="5" />
          <FullName>Test.TestClass</FullName>
          <Methods>
            <Method visited="true" cyclomaticComplexity="4" nPathComplexity="4" sequenceCoverage="80" branchCoverage="50" crapScore="0" isConstructor="false" isStatic="false" isGetter="false" isSetter="false">
              <Summary numSequencePoints="15" visitedSequencePoints="12" numBranchPoints="4" visitedBranchPoints="2" sequenceCoverage="80" branchCoverage="50" maxCyclomaticComplexity="4" minCyclomaticComplexity="4" maxCrapScore="0" minCrapScore="0" visitedClasses="0" numClasses="0" visitedMethods="1" numMethods="1" />
              <MetadataToken>1757124217</MetadataToken>
              <Name>System.Void Test.TestClass::SampleFunction()</Name>
              <FileRef uid="4" />
              <SequencePoints>
                <SequencePoint vc="2" uspid="0" ordinal="0" offset="0" sl="9" sc="0" el="9" ec="0" bec="0" bev="0" fileid="4" />
                <SequencePoint vc="2" uspid="0" ordinal="0" offset="0" sl="10" sc="0" el="10" ec="0" bec="0" bev="0" fileid="4" />
                <SequencePoint vc="2" uspid="0" ordinal="0" offset="0" sl="11" sc="0" el="11" ec="0" bec="0" bev="0" fileid="4" />
                <SequencePoint vc="2" uspid="0" ordinal="0" offset="0" sl="12" sc="0" el="12" ec="0" bec="0" bev="0" fileid="4" />
                <SequencePoint vc="2" uspid="0" ordinal="0" offset="0" sl="13" sc="0" el="13" ec="0" bec="0" bev="0" fileid="4" />
                <SequencePoint vc="2" uspid="0" ordinal="0" offset="0" sl="15" sc="0" el="15" ec="0" bec="0" bev="0" fileid="4" />
                <SequencePoint vc="2" uspid="0" ordinal="0" offset="0" sl="16" sc="0" el="16" ec="0" bec="0" bev="0" fileid="4" />
                <SequencePoint vc="2" uspid="0" ordinal="0" offset="0" sl="18" sc="0" el="18" ec="0" bec="0" bev="0" fileid="4" />
                <SequencePoint vc="2" uspid="0" ordinal="0" offset="0" sl="19" sc="0" el="19" ec="0" bec="0" bev="0" fileid="4" />
                <SequencePoint vc="2" uspid="0" ordinal="0" offset="0" sl="20" sc="0" el="20" ec="0" bec="0" bev="0" fileid="4" />
                <SequencePoint vc="2" uspid="0" ordinal="0" offset="0" sl="21" sc="0" el="21" ec="0" bec="0" bev="0" fileid="4" />
                <SequencePoint vc="0" uspid="0" ordinal="0" offset="0" sl="23" sc="0" el="23" ec="0" bec="0" bev="0" fileid="4" />
                <SequencePoint vc="0" uspid="0" ordinal="0" offset="0" sl="24" sc="0" el="24" ec="0" bec="0" bev="0" fileid="4" />
                <SequencePoint vc="0" uspid="0" ordinal="0" offset="0" sl="25" sc="0" el="25" ec="0" bec="0" bev="0" fileid="4" />
                <SequencePoint vc="2" uspid="0" ordinal="0" offset="0" sl="26" sc="0" el="26" ec="0" bec="0" bev="0" fileid="4" />
              </SequencePoints>
              <BranchPoints>
                <BranchPoint vc="0" uspid="0" ordinal="0" offset="0" sl="18" path="0" offsetend="0" fileid="4" />
                <BranchPoint vc="2" uspid="0" ordinal="0" offset="0" sl="18" path="1" offsetend="0" fileid="4" />
                <BranchPoint vc="2" uspid="0" ordinal="0" offset="0" sl="18" path="2" offsetend="0" fileid="4" />
                <BranchPoint vc="0" uspid="0" ordinal="0" offset="0" sl="18" path="3" offsetend="0" fileid="4" />
              </BranchPoints>
              <MethodPoint xsi:type="SequencePoint" vc="2" uspid="0" ordinal="0" offset="0" sl="9" sc="0" el="26" ec="0" bec="0" bev="0" fileid="4" />
            </Method>
            <Method visited="true" cyclomaticComplexity="1" nPathComplexity="1" sequenceCoverage="100" branchCoverage="0" crapScore="0" isConstructor="false" isStatic="false" isGetter="false" isSetter="false">
              <Summary numSequencePoints="7" visitedSequencePoints="7" numBranchPoints="0" visitedBranchPoints="0" sequenceCoverage="100" branchCoverage="0" maxCyclomaticComplexity="1" minCyclomaticComplexity="1" maxCrapScore="0" minCrapScore="0" visitedClasses="0" numClasses="0" visitedMethods="1" numMethods="1" />
              <MetadataToken>1332452640</MetadataToken>
              <Name>System.Void Test.TestClass::ParentMethod()</Name>
              <FileRef uid="4" />
              <SequencePoints>
                <SequencePoint vc="2" uspid="0" ordinal="0" offset="0" sl="29" sc="0" el="29" ec="0" bec="0" bev="0" fileid="4" />
                <SequencePoint vc="2" uspid="0" ordinal="0" offset="0" sl="30" sc="0" el="30" ec="0" bec="0" bev="0" fileid="4" />
                <SequencePoint vc="2" uspid="0" ordinal="0" offset="0" sl="32" sc="0" el="32" ec="0" bec="0" bev="0" fileid="4" />
                <SequencePoint vc="2" uspid="0" ordinal="0" offset="0" sl="35" sc="0" el="35" ec="0" bec="0" bev="0" fileid="4" />
                <SequencePoint vc="2" uspid="0" ordinal="0" offset="0" sl="36" sc="0" el="36" ec="0" bec="0" bev="0" fileid="4" />
                <SequencePoint vc="2" uspid="0" ordinal="0" offset="0" sl="37" sc="0" el="37" ec="0" bec="0" bev="0" fileid="4" />
                <SequencePoint vc="2" uspid="0" ordinal="0" offset="0" sl="38" sc="0" el="38" ec="0" bec="0" bev="0" fileid="4" />
              </SequencePoints>
              <BranchPoints />
              <MethodPoint xsi:type="SequencePoint" vc="2" uspid="0" ordinal="0" offset="0" sl="29" sc="0" el="38" ec="0" bec="0" bev="0" fileid="4" />
            </Method>
            <Method visited="true" cyclomaticComplexity="1" nPathComplexity="1" sequenceCoverage="100" branchCoverage="0" crapScore="0" isConstructor="false" isStatic="false" isGetter="false" isSetter="false">
              <Summary numSequencePoints="0" visitedSequencePoints="0" numBranchPoints="0" visitedBranchPoints="0" sequenceCoverage="0" branchCoverage="0" maxCyclomaticComplexity="1" minCyclomaticComplexity="1" maxCrapScore="0" minCrapScore="0" visitedClasses="0" numClasses="0" visitedMethods="1" numMethods="1" />
              <MetadataToken>-362421541</MetadataToken>
              <Name>System.Void Test.TestClass::MethodWithLambda()</Name>
              <FileRef uid="4" />
              <SequencePoints />
              <BranchPoints />
              <MethodPoint xsi:type="SequencePoint" vc="0" uspid="0" ordinal="0" offset="0" sl="41" sc="0" el="47" ec="0" bec="0" bev="0" fileid="4" />
            </Method>
            <Method visited="true" cyclomaticComplexity="1" nPathComplexity="1" sequenceCoverage="100" branchCoverage="0" crapScore="0" isConstructor="false" isStatic="false" isGetter="false" isSetter="false">
              <Summary numSequencePoints="3" visitedSequencePoints="3" numBranchPoints="0" visitedBranchPoints="0" sequenceCoverage="100" branchCoverage="0" maxCyclomaticComplexity="1" minCyclomaticComplexity="1" maxCrapScore="0" minCrapScore="0" visitedClasses="0" numClasses="0" visitedMethods="1" numMethods="1" />
              <MetadataToken>-1448297683</MetadataToken>
              <Name>NestedLocalFunction(System.String)</Name>
              <FileRef uid="4" />
              <SequencePoints>
                <SequencePoint vc="2" uspid="0" ordinal="0" offset="0" sl="35" sc="0" el="35" ec="0" bec="0" bev="0" fileid="4" />
                <SequencePoint vc="2" uspid="0" ordinal="0" offset="0" sl="36" sc="0" el="36" ec="0" bec="0" bev="0" fileid="4" />
                <SequencePoint vc="2" uspid="0" ordinal="0" offset="0" sl="37" sc="0" el="37" ec="0" bec="0" bev="0" fileid="4" />
              </SequencePoints>
              <BranchPoints />
              <MethodPoint xsi:type="SequencePoint" vc="2" uspid="0" ordinal="0" offset="0" sl="35" sc="0" el="37" ec="0" bec="0" bev="0" fileid="4" />
            </Method>
            <Method visited="false" cyclomaticComplexity="1" nPathComplexity="1" sequenceCoverage="0" branchCoverage="0" crapScore="0" isConstructor="false" isStatic="false" isGetter="false" isSetter="false">
              <Summary numSequencePoints="0" visitedSequencePoints="0" numBranchPoints="0" visitedBranchPoints="0" sequenceCoverage="0" branchCoverage="0" maxCyclomaticComplexity="1" minCyclomaticComplexity="1" maxCrapScore="0" minCrapScore="0" visitedClasses="0" numClasses="0" visitedMethods="0" numMethods="1" />
              <MetadataToken>1757124217</MetadataToken>
              <Name>System.Void Test.TestClass/NestedClass::SampleFunction()</Name>
              <FileRef uid="4" />
              <SequencePoints />
              <BranchPoints />
              <MethodPoint xsi:type="SequencePoint" vc="0" uspid="0" ordinal="0" offset="0" sl="52" sc="0" el="57" ec="0" bec="0" bev="0" fileid="4" />
            </Method>
          </Methods>
        </Class>
        <Class>
          <Summary numSequencePoints="38" visitedSequencePoints="24" numBranchPoints="2" visitedBranchPoints="1" sequenceCoverage="63.1" branchCoverage="50" maxCyclomaticComplexity="5" minCyclomaticComplexity="1" maxCrapScore="5" minCrapScore="1" visitedClasses="1" numClasses="1" visitedMethods="6" numMethods="10" />
          <FullName>Test.TestClass2</FullName>
          <Methods>
            <Method visited="true" cyclomaticComplexity="0" nPathComplexity="0" sequenceCoverage="100" branchCoverage="0" crapScore="0" isConstructor="false" isStatic="false" isGetter="true" isSetter="false">
              <Summary numSequencePoints="1" visitedSequencePoints="1" numBranchPoints="0" visitedBranchPoints="0" sequenceCoverage="100" branchCoverage="0" maxCyclomaticComplexity="0" minCyclomaticComplexity="0" maxCrapScore="0" minCrapScore="0" visitedClasses="0" numClasses="0" visitedMethods="1" numMethods="1" />
              <MetadataToken>-1828421895</MetadataToken>
              <Name>System.String Test.TestClass2::get_ExecutedProperty()</Name>
              <FileRef uid="5" />
              <SequencePoints>
                <SequencePoint vc="3" uspid="0" ordinal="0" offset="0" sl="13" sc="0" el="13" ec="0" bec="0" bev="0" fileid="5" />
              </SequencePoints>
              <BranchPoints />
              <MethodPoint xsi:type="SequencePoint" vc="3" uspid="0" ordinal="0" offset="0" sl="13" sc="0" el="13" ec="0" bec="0" bev="0" fileid="5" />
            </Method>
            <Method visited="true" cyclomaticComplexity="0" nPathComplexity="0" sequenceCoverage="100" branchCoverage="0" crapScore="0" isConstructor="false" isStatic="false" isGetter="false" isSetter="true">
              <Summary numSequencePoints="1" visitedSequencePoints="1" numBranchPoints="0" visitedBranchPoints="0" sequenceCoverage="100" branchCoverage="0" maxCyclomaticComplexity="0" minCyclomaticComplexity="0" maxCrapScore="0" minCrapScore="0" visitedClasses="0" numClasses="0" visitedMethods="1" numMethods="1" />
              <MetadataToken>1342529219</MetadataToken>
              <Name>System.Void Test.TestClass2::set_ExecutedProperty(System.String)</Name>
              <FileRef uid="5" />
              <SequencePoints>
                <SequencePoint vc="3" uspid="0" ordinal="0" offset="0" sl="13" sc="0" el="13" ec="0" bec="0" bev="0" fileid="5" />
              </SequencePoints>
              <BranchPoints />
              <MethodPoint xsi:type="SequencePoint" vc="3" uspid="0" ordinal="0" offset="0" sl="13" sc="0" el="13" ec="0" bec="0" bev="0" fileid="5" />
            </Method>
            <Method visited="false" cyclomaticComplexity="0" nPathComplexity="0" sequenceCoverage="0" branchCoverage="0" crapScore="0" isConstructor="false" isStatic="false" isGetter="true" isSetter="false">
              <Summary numSequencePoints="1" visitedSequencePoints="0" numBranchPoints="0" visitedBranchPoints="0" sequenceCoverage="0" branchCoverage="0" maxCyclomaticComplexity="0" minCyclomaticComplexity="0" maxCrapScore="0" minCrapScore="0" visitedClasses="0" numClasses="0" visitedMethods="0" numMethods="1" />
              <MetadataToken>333960806</MetadataToken>
              <Name>System.String Test.TestClass2::get_UnExecutedProperty()</Name>
              <FileRef uid="5" />
              <SequencePoints>
                <SequencePoint vc="0" uspid="0" ordinal="0" offset="0" sl="15" sc="0" el="15" ec="0" bec="0" bev="0" fileid="5" />
              </SequencePoints>
              <BranchPoints />
              <MethodPoint xsi:type="SequencePoint" vc="0" uspid="0" ordinal="0" offset="0" sl="15" sc="0" el="15" ec="0" bec="0" bev="0" fileid="5" />
            </Method>
            <Method visited="false" cyclomaticComplexity="0" nPathComplexity="0" sequenceCoverage="0" branchCoverage="0" crapScore="0" isConstructor="false" isStatic="false" isGetter="false" isSetter="true">
              <Summary numSequencePoints="1" visitedSequencePoints="0" numBranchPoints="0" visitedBranchPoints="0" sequenceCoverage="0" branchCoverage="0" maxCyclomaticComplexity="0" minCyclomaticComplexity="0" maxCrapScore="0" minCrapScore="0" visitedClasses="0" numClasses="0" visitedMethods="0" numMethods="1" />
              <MetadataToken>-1204025768</MetadataToken>
              <Name>System.Void Test.TestClass2::set_UnExecutedProperty(System.String)</Name>
              <FileRef uid="5" />
              <SequencePoints>
                <SequencePoint vc="0" uspid="0" ordinal="0" offset="0" sl="15" sc="0" el="15" ec="0" bec="0" bev="0" fileid="5" />
              </SequencePoints>
              <BranchPoints />
              <MethodPoint xsi:type="SequencePoint" vc="0" uspid="0" ordinal="0" offset="0" sl="15" sc="0" el="15" ec="0" bec="0" bev="0" fileid="5" />
            </Method>
            <Method visited="true" cyclomaticComplexity="1" nPathComplexity="0" sequenceCoverage="25" branchCoverage="0" crapScore="2" isConstructor="false" isStatic="false" isGetter="false" isSetter="false">
              <Summary numSequencePoints="8" visitedSequencePoints="2" numBranchPoints="0" visitedBranchPoints="0" sequenceCoverage="25" branchCoverage="0" maxCyclomaticComplexity="1" minCyclomaticComplexity="1" maxCrapScore="2" minCrapScore="2" visitedClasses="0" numClasses="0" visitedMethods="1" numMethods="1" />
              <MetadataToken>-1487114359</MetadataToken>
              <Name>System.Void Test.TestClass2::.ctor()</Name>
              <FileRef uid="5" />
              <SequencePoints>
                <SequencePoint vc="2" uspid="0" ordinal="0" offset="0" sl="11" sc="0" el="11" ec="0" bec="0" bev="0" fileid="5" />
                <SequencePoint vc="3" uspid="0" ordinal="0" offset="0" sl="13" sc="0" el="13" ec="0" bec="0" bev="0" fileid="5" />
                <SequencePoint vc="0" uspid="0" ordinal="0" offset="0" sl="15" sc="0" el="15" ec="0" bec="0" bev="0" fileid="5" />
                <SequencePoint vc="0" uspid="0" ordinal="0" offset="0" sl="17" sc="0" el="17" ec="0" bec="0" bev="0" fileid="5" />
                <SequencePoint vc="0" uspid="0" ordinal="0" offset="0" sl="18" sc="0" el="18" ec="0" bec="0" bev="0" fileid="5" />
                <SequencePoint vc="0" uspid="0" ordinal="0" offset="0" sl="19" sc="0" el="19" ec="0" bec="0" bev="0" fileid="5" />
                <SequencePoint vc="0" uspid="0" ordinal="0" offset="0" sl="20" sc="0" el="20" ec="0" bec="0" bev="0" fileid="5" />
                <SequencePoint vc="0" uspid="0" ordinal="0" offset="0" sl="21" sc="0" el="21" ec="0" bec="0" bev="0" fileid="5" />
              </SequencePoints>
              <BranchPoints />
              <MethodPoint xsi:type="SequencePoint" vc="3" uspid="0" ordinal="0" offset="0" sl="11" sc="0" el="21" ec="0" bec="0" bev="0" fileid="5" />
            </Method>
            <Method visited="true" cyclomaticComplexity="1" nPathComplexity="0" sequenceCoverage="53.8" branchCoverage="0" crapScore="1" isConstructor="false" isStatic="false" isGetter="false" isSetter="false">
              <Summary numSequencePoints="13" visitedSequencePoints="7" numBranchPoints="0" visitedBranchPoints="0" sequenceCoverage="53.8" branchCoverage="0" maxCyclomaticComplexity="1" minCyclomaticComplexity="1" maxCrapScore="1" minCrapScore="1" visitedClasses="0" numClasses="0" visitedMethods="1" numMethods="1" />
              <MetadataToken>-1954277537</MetadataToken>
              <Name>System.Void Test.TestClass2::.ctor(System.String)</Name>
              <FileRef uid="5" />
              <SequencePoints>
                <SequencePoint vc="2" uspid="0" ordinal="0" offset="0" sl="11" sc="0" el="11" ec="0" bec="0" bev="0" fileid="5" />
                <SequencePoint vc="3" uspid="0" ordinal="0" offset="0" sl="13" sc="0" el="13" ec="0" bec="0" bev="0" fileid="5" />
                <SequencePoint vc="0" uspid="0" ordinal="0" offset="0" sl="15" sc="0" el="15" ec="0" bec="0" bev="0" fileid="5" />
                <SequencePoint vc="0" uspid="0" ordinal="0" offset="0" sl="17" sc="0" el="17" ec="0" bec="0" bev="0" fileid="5" />
                <SequencePoint vc="0" uspid="0" ordinal="0" offset="0" sl="18" sc="0" el="18" ec="0" bec="0" bev="0" fileid="5" />
                <SequencePoint vc="0" uspid="0" ordinal="0" offset="0" sl="19" sc="0" el="19" ec="0" bec="0" bev="0" fileid="5" />
                <SequencePoint vc="0" uspid="0" ordinal="0" offset="0" sl="20" sc="0" el="20" ec="0" bec="0" bev="0" fileid="5" />
                <SequencePoint vc="0" uspid="0" ordinal="0" offset="0" sl="21" sc="0" el="21" ec="0" bec="0" bev="0" fileid="5" />
                <SequencePoint vc="2" uspid="0" ordinal="0" offset="0" sl="23" sc="0" el="23" ec="0" bec="0" bev="0" fileid="5" />
                <SequencePoint vc="2" uspid="0" ordinal="0" offset="0" sl="24" sc="0" el="24" ec="0" bec="0" bev="0" fileid="5" />
                <SequencePoint vc="2" uspid="0" ordinal="0" offset="0" sl="25" sc="0" el="25" ec="0" bec="0" bev="0" fileid="5" />
                <SequencePoint vc="2" uspid="0" ordinal="0" offset="0" sl="26" sc="0" el="26" ec="0" bec="0" bev="0" fileid="5" />
                <SequencePoint vc="2" uspid="0" ordinal="0" offset="0" sl="27" sc="0" el="27" ec="0" bec="0" bev="0" fileid="5" />
              </SequencePoints>
              <BranchPoints />
              <MethodPoint xsi:type="SequencePoint" vc="3" uspid="0" ordinal="0" offset="0" sl="11" sc="0" el="27" ec="0" bec="0" bev="0" fileid="5" />
            </Method>
            <Method visited="true" cyclomaticComplexity="1" nPathComplexity="0" sequenceCoverage="100" branchCoverage="0" crapScore="1" isConstructor="false" isStatic="false" isGetter="false" isSetter="false">
              <Summary numSequencePoints="4" visitedSequencePoints="4" numBranchPoints="0" visitedBranchPoints="0" sequenceCoverage="100" branchCoverage="0" maxCyclomaticComplexity="1" minCyclomaticComplexity="1" maxCrapScore="1" minCrapScore="1" visitedClasses="0" numClasses="0" visitedMethods="1" numMethods="1" />
              <MetadataToken>-1124517519</MetadataToken>
              <Name>System.Void Test.TestClass2::ExecutedMethod()</Name>
              <FileRef uid="5" />
              <SequencePoints>
                <SequencePoint vc="1" uspid="0" ordinal="0" offset="0" sl="30" sc="0" el="30" ec="0" bec="0" bev="0" fileid="5" />
                <SequencePoint vc="1" uspid="0" ordinal="0" offset="0" sl="31" sc="0" el="31" ec="0" bec="0" bev="0" fileid="5" />
                <SequencePoint vc="1" uspid="0" ordinal="0" offset="0" sl="32" sc="0" el="32" ec="0" bec="0" bev="0" fileid="5" />
                <SequencePoint vc="1" uspid="0" ordinal="0" offset="0" sl="33" sc="0" el="33" ec="0" bec="0" bev="0" fileid="5" />
              </SequencePoints>
              <BranchPoints />
              <MethodPoint xsi:type="SequencePoint" vc="1" uspid="0" ordinal="0" offset="0" sl="30" sc="0" el="33" ec="0" bec="0" bev="0" fileid="5" />
            </Method>
            <Method visited="false" cyclomaticComplexity="1" nPathComplexity="0" sequenceCoverage="0" branchCoverage="0" crapScore="2" isConstructor="false" isStatic="false" isGetter="false" isSetter="false">
              <Summary numSequencePoints="4" visitedSequencePoints="0" numBranchPoints="0" visitedBranchPoints="0" sequenceCoverage="0" branchCoverage="0" maxCyclomaticComplexity="1" minCyclomaticComplexity="1" maxCrapScore="2" minCrapScore="2" visitedClasses="0" numClasses="0" visitedMethods="0" numMethods="1" />
              <MetadataToken>-1649483490</MetadataToken>
              <Name>System.Void Test.TestClass2::UnExecutedMethod()</Name>
              <FileRef uid="5" />
              <SequencePoints>
                <SequencePoint vc="0" uspid="0" ordinal="0" offset="0" sl="36" sc="0" el="36" ec="0" bec="0" bev="0" fileid="5" />
                <SequencePoint vc="0" uspid="0" ordinal="0" offset="0" sl="37" sc="0" el="37" ec="0" bec="0" bev="0" fileid="5" />
                <SequencePoint vc="0" uspid="0" ordinal="0" offset="0" sl="38" sc="0" el="38" ec="0" bec="0" bev="0" fileid="5" />
                <SequencePoint vc="0" uspid="0" ordinal="0" offset="0" sl="39" sc="0" el="39" ec="0" bec="0" bev="0" fileid="5" />
              </SequencePoints>
              <BranchPoints />
              <MethodPoint xsi:type="SequencePoint" vc="0" uspid="0" ordinal="0" offset="0" sl="36" sc="0" el="39" ec="0" bec="0" bev="0" fileid="5" />
            </Method>
            <Method visited="true" cyclomaticComplexity="5" nPathComplexity="2" sequenceCoverage="100" branchCoverage="50" crapScore="5" isConstructor="false" isStatic="false" isGetter="false" isSetter="false">
              <Summary numSequencePoints="13" visitedSequencePoints="13" numBranchPoints="2" visitedBranchPoints="1" sequenceCoverage="100" branchCoverage="50" maxCyclomaticComplexity="5" minCyclomaticComplexity="5" maxCrapScore="5" minCrapScore="5" visitedClasses="0" numClasses="0" visitedMethods="1" numMethods="1" />
              <MetadataToken>-6141153</MetadataToken>
              <Name>System.Void Test.TestClass2::SampleFunction(System.String)</Name>
              <FileRef uid="5" />
              <SequencePoints>
                <SequencePoint vc="1" uspid="0" ordinal="0" offset="0" sl="42" sc="0" el="42" ec="0" bec="0" bev="0" fileid="5" />
                <SequencePoint vc="1" uspid="0" ordinal="0" offset="0" sl="43" sc="0" el="43" ec="0" bec="0" bev="0" fileid="5" />
                <SequencePoint vc="5" uspid="0" ordinal="0" offset="0" sl="45" sc="0" el="45" ec="0" bec="0" bev="0" fileid="5" />
                <SequencePoint vc="11" uspid="0" ordinal="0" offset="0" sl="47" sc="0" el="47" ec="0" bec="0" bev="0" fileid="5" />
                <SequencePoint vc="4" uspid="0" ordinal="0" offset="0" sl="48" sc="0" el="48" ec="0" bec="0" bev="0" fileid="5" />
                <SequencePoint vc="4" uspid="0" ordinal="0" offset="0" sl="49" sc="0" el="49" ec="0" bec="0" bev="0" fileid="5" />
                <SequencePoint vc="4" uspid="0" ordinal="0" offset="0" sl="50" sc="0" el="50" ec="0" bec="0" bev="0" fileid="5" />
                <SequencePoint vc="1" uspid="0" ordinal="0" offset="0" sl="52" sc="0" el="52" ec="0" bec="0" bev="0" fileid="5" />
                <SequencePoint vc="4" uspid="0" ordinal="0" offset="0" sl="54" sc="0" el="54" ec="0" bec="0" bev="0" fileid="5" />
                <SequencePoint vc="1" uspid="0" ordinal="0" offset="0" sl="55" sc="0" el="55" ec="0" bec="0" bev="0" fileid="5" />
                <SequencePoint vc="1" uspid="0" ordinal="0" offset="0" sl="56" sc="0" el="56" ec="0" bec="0" bev="0" fileid="5" />
                <SequencePoint vc="1" uspid="0" ordinal="0" offset="0" sl="57" sc="0" el="57" ec="0" bec="0" bev="0" fileid="5" />
                <SequencePoint vc="1" uspid="0" ordinal="0" offset="0" sl="58" sc="0" el="58" ec="0" bec="0" bev="0" fileid="5" />
              </SequencePoints>
              <BranchPoints>
                <BranchPoint vc="1" uspid="0" ordinal="0" offset="0" sl="54" path="0" offsetend="0" fileid="5" />
                <BranchPoint vc="0" uspid="0" ordinal="0" offset="0" sl="54" path="1" offsetend="0" fileid="5" />
              </BranchPoints>
              <MethodPoint xsi:type="SequencePoint" vc="11" uspid="0" ordinal="0" offset="0" sl="42" sc="0" el="58" ec="0" bec="0" bev="0" fileid="5" />
            </Method>
            <Method visited="false" cyclomaticComplexity="1" nPathComplexity="0" sequenceCoverage="0" branchCoverage="0" crapScore="2" isConstructor="false" isStatic="false" isGetter="false" isSetter="false">
              <Summary numSequencePoints="4" visitedSequencePoints="0" numBranchPoints="0" visitedBranchPoints="0" sequenceCoverage="0" branchCoverage="0" maxCyclomaticComplexity="1" minCyclomaticComplexity="1" maxCrapScore="2" minCrapScore="2" visitedClasses="0" numClasses="0" visitedMethods="0" numMethods="1" />
              <MetadataToken>-629544104</MetadataToken>
              <Name>System.String Test.TestClass2::DoSomething(System.String,System.String[],System.Guid,System.Collections.Generic.IEnumerable`1&lt;System.String&gt;,System.Collections.Generic.IList`1&lt;System.String&gt;,System.Decimal,System.Int32,System.Collections.Generic.Dictionary`2&lt;System.String,System.Int32&gt;,System.Int32&amp;,System.Single,System.Double,System.Boolean,System.Byte,System.Char,System.Object,System.SByte,System.Int16,System.UInt32,System.UInt64,System.UInt16)</Name>
              <FileRef uid="5" />
              <SequencePoints>
                <SequencePoint vc="0" uspid="0" ordinal="0" offset="0" sl="80" sc="0" el="80" ec="0" bec="0" bev="0" fileid="5" />
                <SequencePoint vc="0" uspid="0" ordinal="0" offset="0" sl="81" sc="0" el="81" ec="0" bec="0" bev="0" fileid="5" />
                <SequencePoint vc="0" uspid="0" ordinal="0" offset="0" sl="82" sc="0" el="82" ec="0" bec="0" bev="0" fileid="5" />
                <SequencePoint vc="0" uspid="0" ordinal="0" offset="0" sl="83" sc="0" el="83" ec="0" bec="0" bev="0" fileid="5" />
              </SequencePoints>
              <BranchPoints />
              <MethodPoint xsi:type="SequencePoint" vc="0" uspid="0" ordinal="0" offset="0" sl="80" sc="0" el="83" ec="0" bec="0" bev="0" fileid="5" />
            </Method>
          </Methods>
        </Class>
      </Classes>
    </Module>
  </Modules>
</CoverageSession>